Customer_Name,MonetaryValue,AVGMonetaryValue,Frequency,Last_order_date,Max_order_date,Recency,R_score,F_score,M_score,RFM_score,RFM_overall
"Thais Sissman",4.833,2.4165,2,2017-01-07,2017-12-30,357,1,1,1,3,111
"Lela Donovan",5.304,5.304,1,2016-06-26,2017-12-30,552,1,1,1,3,111
"Mitch Gastineau",12.32,12.32,1,2017-04-10,2017-12-30,264,1,1,1,3,111
"Carl Jackson",16.52,16.52,1,2016-12-30,2017-12-30,365,1,1,1,3,111
"Roy Skaria",22.328,7.442666666666667,3,2017-12-11,2017-12-30,19,4,1,1,6,411
"Susan Gilcrest",41.072,10.268,4,2017-05-18,2017-12-30,226,1,1,1,3,111
"Ricardo Emerson",48.36,48.36,1,2014-12-29,2017-12-30,1097,1,1,1,3,111
"Larry Blacks",50.188,16.729333333333333,3,2017-11-12,2017-12-30,48,3,1,1,5,311
"Adrian Shami",58.82,19.606666666666666,3,2017-11-19,2017-12-30,41,3,1,1,5,311
"Barry Weirich",60.772,30.386,2,2015-08-11,2017-12-30,872,1,1,1,3,111
"Jasper Cacioppo",67.335,22.444999999999997,3,2017-09-07,2017-12-30,114,2,1,1,4,211
"Fred Wasserman",79.75,26.583333333333332,3,2017-01-02,2017-12-30,362,1,1,1,3,111
"Anemone Ratner",88.15,44.075,2,2016-07-14,2017-12-30,534,1,1,1,3,111
"Karen Seio",88.47200000000001,22.118000000000002,4,2017-03-10,2017-12-30,295,1,1,1,3,111
"Roland Murray",98.35,49.175,2,2017-03-06,2017-12-30,299,1,1,1,3,111
"Clay Cheatham",113.832,28.458,4,2017-12-03,2017-12-30,27,4,1,1,6,411
"Dianna Arnett",123.86399999999999,17.694857142857142,7,2017-01-12,2017-12-30,352,1,1,1,3,111
"Ed Ludwig",124.28,62.14,2,2017-10-14,2017-12-30,77,2,1,1,4,211
"Bobby Odegard",130.83,65.415,2,2017-10-16,2017-12-30,75,3,1,1,5,311
"Phillip Breyer",132.738,66.369,2,2016-02-11,2017-12-30,688,1,1,1,3,111
"Anthony Garverick",137.296,45.76533333333333,3,2017-10-14,2017-12-30,77,2,1,1,4,211
"Greg Hansen",146.94080000000002,48.98026666666667,3,2017-12-28,2017-12-30,2,4,1,1,6,411
"Pete Takahito",153.9,25.650000000000002,6,2017-10-20,2017-12-30,71,3,1,1,5,311
"Michael Oakman",154.288,38.572,4,2017-07-03,2017-12-30,180,2,1,1,4,211
"Anthony O'Donnell",161.28,161.28,1,2016-08-16,2017-12-30,501,1,1,1,3,111
"Muhammed Lee",162.232,54.077333333333335,3,2017-09-21,2017-12-30,100,2,1,1,4,211
"Hilary Holden",188.108,37.6216,5,2017-10-19,2017-12-30,72,3,1,1,5,311
"Joel Jenkins",195,65,3,2015-12-08,2017-12-30,753,1,1,1,3,111
"Allen Goldenen",200.945,25.118125,8,2017-09-07,2017-12-30,114,2,2,1,5,221
"Robert Barroso",221.08399999999997,31.583428571428566,7,2016-03-22,2017-12-30,648,1,1,1,3,111
"Guy Phonely",221.79999999999998,55.449999999999996,4,2015-11-26,2017-12-30,765,1,1,1,3,111
"Guy Thornton",226.43599999999998,32.348,7,2017-11-26,2017-12-30,34,3,1,1,5,311
"Erin Mull",228.99,38.165,6,2017-11-13,2017-12-30,47,3,1,1,5,311
"Sally Matthias",233.134,46.626799999999996,5,2016-11-04,2017-12-30,421,1,1,1,3,111
"Kelly Williams",236.156,59.039,4,2015-11-20,2017-12-30,771,1,1,1,3,111
"Paul Lucas",239.48100000000002,29.935125000000003,8,2017-12-15,2017-12-30,15,4,2,1,7,421
"Harold Dahlen",251.36,35.90857142857143,7,2015-11-22,2017-12-30,769,1,1,1,3,111
"Larry Tron",255.524,127.762,2,2015-05-12,2017-12-30,963,1,1,1,3,111
"Andrew Roberts",264.86400000000003,37.83771428571429,7,2017-12-16,2017-12-30,14,4,1,1,6,411
"Brad Norvell",265.296,44.216,6,2017-12-06,2017-12-30,24,4,1,1,6,411
"Dorothy Dickinson",269.54200000000003,29.949111111111115,9,2017-11-19,2017-12-30,41,3,2,1,6,321
"Bart Folk",272.95,45.49166666666667,6,2017-12-05,2017-12-30,25,4,1,1,6,411
"Nicole Brennan",273.87199999999996,136.93599999999998,2,2014-10-22,2017-12-30,1165,1,1,1,3,111
"Jennifer Halladay",276.385,46.064166666666665,6,2017-12-25,2017-12-30,5,4,1,1,6,411
"Stuart Calhoun",279.256,55.85119999999999,5,2017-11-30,2017-12-30,30,4,1,1,6,411
"Sung Chung",280.632,70.158,4,2017-08-21,2017-12-30,131,2,1,1,4,211
"Larry Hughes",287.426,95.80866666666667,3,2017-08-01,2017-12-30,151,2,1,1,4,211
"Chuck Magee",287.98999999999995,31.998888888888885,9,2016-10-20,2017-12-30,436,1,2,1,4,121
"Jill Matthias",303.948,43.421142857142854,7,2017-12-30,2017-12-30,0,4,1,1,6,411
"Lisa Hazard",318.239,53.03983333333333,6,2017-05-05,2017-12-30,239,1,1,1,3,111
"Brendan Dodson",320.53999999999996,80.13499999999999,4,2017-03-27,2017-12-30,278,1,1,1,3,111
"Don Weiss",344.08000000000004,38.23111111111112,9,2017-09-23,2017-12-30,98,2,2,1,5,221
"Aleksandra Gannaway",349.26,87.315,4,2017-09-03,2017-12-30,118,2,1,1,4,211
"Heather Jas",358.1,59.68333333333334,6,2017-08-26,2017-12-30,126,2,1,1,4,211
"Mark Haberlin",358.146,51.163714285714285,7,2016-12-19,2017-12-30,376,1,1,1,3,111
"Evan Minnotte",366.822,91.7055,4,2017-07-25,2017-12-30,158,2,1,1,4,211
"Lycoris Saunders",368.88,61.48,6,2015-11-14,2017-12-30,777,1,1,1,3,111
"Melanie Seite",370.348,74.06960000000001,5,2016-10-04,2017-12-30,452,1,1,1,3,111
"Neil Franz?sisch",377.16200000000003,94.29050000000001,4,2016-07-23,2017-12-30,525,1,1,1,3,111
"Vivian Mathis",380.69,47.58625,8,2017-09-04,2017-12-30,117,2,2,1,5,221
"Jason Klamczynski",383.812,95.953,4,2017-03-18,2017-12-30,287,1,1,1,3,111
"Joy Daniels",385.43,35.03909090909091,11,2017-09-09,2017-12-30,112,2,2,1,5,221
"Brad Thomas",415.19599999999997,138.39866666666666,3,2016-03-11,2017-12-30,659,1,1,1,3,111
"Sonia Sunley",418.49,46.49888888888889,9,2016-10-24,2017-12-30,432,1,2,1,4,121
"Maria Zettner",424.038,84.80760000000001,5,2017-11-30,2017-12-30,30,4,1,1,6,411
"Vivek Grady",427.372,71.22866666666667,6,2017-03-19,2017-12-30,286,1,1,1,3,111
"Shui Tom",433.34,36.111666666666665,12,2017-08-27,2017-12-30,125,2,3,1,6,231
"Tim Taslimi",439.5,146.5,3,2016-11-19,2017-12-30,406,1,1,1,3,111
"Khloe Miller",453.538,50.39311111111111,9,2017-12-15,2017-12-30,15,4,2,1,7,421
"Erin Creighton",461.914,65.98771428571429,7,2017-11-07,2017-12-30,53,3,1,1,5,311
"Joni Sundaresam",469.169,58.646125,8,2016-09-23,2017-12-30,463,1,1,1,3,111
"MaryBeth Skach",475.65599999999995,67.95085714285713,7,2016-10-22,2017-12-30,434,1,1,1,3,111
"Corey Roper",475.9,118.975,4,2016-09-16,2017-12-30,470,1,1,1,3,111
"Rob Beeghly",476.802,68.11457142857144,7,2017-12-05,2017-12-30,25,4,1,1,6,411
"Andy Yotov",497.01400000000007,49.70140000000001,10,2017-12-16,2017-12-30,14,4,2,1,7,421
"John Huston",528.9100000000001,66.11375000000001,8,2017-07-09,2017-12-30,174,2,2,1,5,221
"Cari Schnelling",537.6320000000001,76.80457142857144,7,2017-07-21,2017-12-30,162,2,1,1,4,211
"Chuck Sachs",550.6440000000001,91.77400000000002,6,2017-12-03,2017-12-30,27,4,1,1,6,411
"Carlos Meador",565.392,141.348,4,2016-01-22,2017-12-30,708,1,1,1,3,111
"Neil Knudson",572.048,52.004363636363635,11,2017-10-21,2017-12-30,70,3,2,1,6,321
"Alan Shonely",574.24,47.85333333333333,12,2017-06-21,2017-12-30,192,1,3,1,5,131
"Brian Derr",582.646,116.52919999999999,5,2017-12-21,2017-12-30,9,4,1,1,6,411
"Denise Leinenbach",585.02,73.1275,8,2017-11-03,2017-12-30,57,3,2,1,6,321
"Barbara Fisher",585.8080000000001,53.25527272727274,11,2017-09-30,2017-12-30,91,2,2,1,5,221
"Bobby Trafton",603.876,86.268,7,2016-06-18,2017-12-30,560,1,1,1,3,111
"Shirley Schmidt",613.4000000000001,102.23333333333335,6,2016-08-26,2017-12-30,491,1,1,1,3,111
"Carol Darley",614.982,122.9964,5,2017-11-06,2017-12-30,54,3,1,1,5,311
"Ralph Ritter",615.932,153.983,4,2017-12-11,2017-12-30,19,4,1,1,6,411
"Astrea Jones",629.2479999999999,125.84959999999998,5,2017-10-17,2017-12-30,74,3,1,1,5,311
"Mathew Reese",639.178,106.52966666666667,6,2017-08-27,2017-12-30,125,2,1,1,4,211
"Joy Bell-",644.1188,92.01697142857142,7,2017-11-17,2017-12-30,43,3,1,1,5,311
"Lori Olson",644.35,71.59444444444445,9,2017-12-28,2017-12-30,2,4,2,1,7,421
"Toby Ritter",645.072,107.512,6,2017-06-20,2017-12-30,193,1,1,1,3,111
"Anthony Witt",649.376,81.172,8,2017-12-10,2017-12-30,20,4,2,1,7,421
"Anna Chung",657.316,109.55266666666667,6,2017-03-23,2017-12-30,282,1,1,1,3,111
"Bryan Davis",658.466,65.8466,10,2017-02-06,2017-12-30,327,1,2,1,4,121
"Berenike Kampe",659.138,41.196125,16,2017-10-14,2017-12-30,77,2,4,1,7,241
"Alex Grayson",660.972,73.44133333333333,9,2017-12-22,2017-12-30,8,4,2,1,7,421
"Patrick Bzostek",668.7560000000001,74.30622222222223,9,2017-12-05,2017-12-30,25,4,2,1,7,421
"Michelle Lonsdale",681.242,227.08066666666664,3,2017-10-12,2017-12-30,79,2,1,1,4,211
"Eric Hoffmann",684.171,40.24535294117647,17,2017-05-27,2017-12-30,217,1,4,1,6,141
"Peter B?hler",688.324,137.66479999999999,5,2017-11-03,2017-12-30,57,3,1,1,5,311
"Tracy Collins",692.518,76.94644444444445,9,2017-12-26,2017-12-30,4,4,2,1,7,421
"Vivek Gonzalez",694.2900000000001,99.18428571428572,7,2017-07-29,2017-12-30,154,2,1,1,4,211
"Julia Dunbar",695.4420000000001,115.90700000000002,6,2017-03-05,2017-12-30,300,1,1,1,3,111
"Jennifer Jackson",709.1780000000001,118.19633333333336,6,2016-09-03,2017-12-30,483,1,1,1,3,111
"Pete Armstrong",729.408,104.20114285714286,7,2017-09-18,2017-12-30,103,2,1,1,4,211
"Patricia Hirasaki",729.648,364.824,2,2017-10-21,2017-12-30,70,3,1,1,5,311
"Barry Blumstein",735.52,105.07428571428571,7,2017-09-16,2017-12-30,105,2,1,1,4,211
"Henry MacAllister",736.276,105.18228571428571,7,2017-04-27,2017-12-30,247,1,1,1,3,111
"Angele Hood",738.504,147.70080000000002,5,2017-12-09,2017-12-30,21,4,1,1,6,411
"Ritsa Hightower",740.382,246.79399999999998,3,2016-07-29,2017-12-30,519,1,1,1,3,111
"Ivan Gibson",744.574,106.36771428571429,7,2017-10-20,2017-12-30,71,3,1,1,5,311
"Dorris liebe",755.602,125.93366666666667,6,2017-09-02,2017-12-30,119,2,1,1,4,211
"Liz Pelletier",756.606,84.06733333333334,9,2017-11-20,2017-12-30,40,3,2,1,6,321
"Steven Ward",758.696,94.837,8,2016-07-14,2017-12-30,534,1,1,1,3,111
"Sandra Flanagan",763.5459999999998,84.83844444444442,9,2017-11-01,2017-12-30,59,3,2,1,6,321
"Muhammed MacIntyre",775.4140000000001,64.61783333333334,12,2017-10-06,2017-12-30,85,2,3,1,6,231
"Michael Granlund",776.384,59.72184615384616,13,2017-09-22,2017-12-30,99,2,3,1,6,231
"Erica Hackney",780.27,111.46714285714286,7,2016-11-20,2017-12-30,405,1,1,1,3,111
"Harry Greene",785.628,78.56280000000001,10,2017-11-06,2017-12-30,54,3,2,1,6,321
"Beth Fritzler",791.9899999999999,197.99749999999997,4,2017-11-03,2017-12-30,57,3,1,1,5,311
"Matthew Clasen",795.1540000000001,99.39425000000001,8,2017-06-24,2017-12-30,189,1,2,1,4,121
"David Kendrick",797.832,159.5664,5,2017-12-20,2017-12-30,10,4,1,1,6,411
"Brendan Murry",808.1619999999999,80.8162,10,2017-09-21,2017-12-30,100,2,2,1,5,221
"Alice McCarthy",814.0120000000001,67.83433333333333,12,2017-12-02,2017-12-30,28,4,3,1,8,431
"Richard Eichhorn",815.152,101.894,8,2017-03-03,2017-12-30,302,1,1,1,3,111
"Thomas Brumley",816.174,204.0435,4,2017-11-11,2017-12-30,49,3,1,1,5,311
"Vicky Freymann",819.784,81.9784,10,2017-07-08,2017-12-30,175,2,2,1,5,221
"Todd Boyes",822.136,68.51133333333333,12,2017-08-06,2017-12-30,146,2,3,1,6,231
"Ann Steele",833.398,69.44983333333333,12,2017-09-29,2017-12-30,92,2,3,1,6,231
"Charles Sheldon",844.4580000000001,105.55725000000001,8,2017-05-12,2017-12-30,232,1,2,1,4,121
"Catherine Glotzbach",847.6519999999999,121.09314285714285,7,2017-11-11,2017-12-30,49,3,1,1,5,311
"Ryan Crowe",850.192,85.0192,10,2017-09-11,2017-12-30,110,2,2,1,5,221
"Michael Stewart",855.1160000000001,77.73781818181818,11,2017-12-04,2017-12-30,26,4,2,1,7,421
"Julie Creighton",858.576,95.39733333333334,9,2017-11-03,2017-12-30,57,3,2,1,6,321
"Jenna Caffey",859.648,286.5493333333333,3,2017-07-08,2017-12-30,175,2,1,1,4,211
"Art Foster",861.5649999999999,123.08071428571428,7,2016-11-10,2017-12-30,415,1,1,1,3,111
"Jocasta Rupert",863.88,863.88,1,2017-10-23,2017-12-30,68,3,1,1,5,311
"Jim Mitchum",864.9470000000001,72.07891666666667,12,2017-12-22,2017-12-30,8,4,3,1,8,431
"Sung Shariari",883.22,73.60166666666667,12,2017-09-01,2017-12-30,120,2,3,1,6,231
"Sally Knutson",883.409,176.6818,5,2017-12-22,2017-12-30,8,4,1,1,6,411
"Harold Engle",883.5320000000002,80.32109090909093,11,2017-12-18,2017-12-30,12,4,3,1,8,431
"Chad Sievert",884.64,126.37714285714286,7,2016-08-28,2017-12-30,489,1,1,1,3,111
"Aaron Bergman",886.156,147.69266666666667,6,2016-11-10,2017-12-30,415,1,1,1,3,111
"Henia Zydlo",886.5199999999999,147.7533333333333,6,2017-11-25,2017-12-30,35,3,1,1,5,311
"Alyssa Crouse",891.56,222.89,4,2017-05-12,2017-12-30,232,1,1,1,3,111
"Alejandro Ballentine",898.084,69.08338461538462,13,2017-07-17,2017-12-30,166,2,3,1,6,231
"Joni Blumstein",900.552,112.569,8,2015-12-24,2017-12-30,737,1,1,1,3,111
"Sonia Cooley",902.7280000000001,128.96114285714287,7,2017-09-29,2017-12-30,92,2,1,1,4,211
"Katrina Bavinger",908.8209999999999,100.9801111111111,9,2017-09-04,2017-12-30,117,2,2,1,5,221
"Evan Henry",910.186,130.02657142857143,7,2017-09-16,2017-12-30,105,2,1,1,4,211
"Roy Franz?sisch",915.662,91.56620000000001,10,2017-12-24,2017-12-30,6,4,2,1,7,421
"Mary O'Rourke",922.487,184.4974,5,2017-10-19,2017-12-30,72,3,1,1,5,311
"Scot Wooten",925.1980000000001,102.79977777777779,9,2017-10-10,2017-12-30,81,2,2,1,5,221
"Matt Collins",925.5649999999999,102.84055555555555,9,2017-12-03,2017-12-30,27,4,2,1,7,421
"Eric Murdock",933.704,155.61733333333333,6,2017-08-01,2017-12-30,151,2,1,1,4,211
"Maureen Fritzler",937.039,117.129875,8,2016-11-04,2017-12-30,421,1,1,1,3,111
"Eric Barreto",944.6000000000001,134.94285714285715,7,2017-07-22,2017-12-30,161,2,1,1,4,211
"Bryan Spruell",949.43,118.67875,8,2017-04-09,2017-12-30,265,1,2,1,4,121
"Rachel Payne",954.6451999999999,79.55376666666666,12,2016-08-21,2017-12-30,496,1,3,1,5,131
"Jason Fortune-",955.124,68.22314285714286,14,2017-05-19,2017-12-30,225,1,3,1,5,131
"Jonathan Howell",959.4770000000002,106.60855555555558,9,2017-11-19,2017-12-30,41,3,2,1,6,321
"Barry Pond",961.1799999999998,160.19666666666663,6,2017-10-08,2017-12-30,83,2,1,1,4,211
"Roy Collins",966.4089999999999,96.64089999999999,10,2016-12-26,2017-12-30,369,1,2,1,4,121
"Aimee Bixby",966.7099999999998,80.55916666666666,12,2017-11-19,2017-12-30,41,3,3,1,7,331
"Russell D'Ascenzo",970.9420000000001,97.09420000000001,10,2017-11-18,2017-12-30,42,3,2,1,6,321
"Toby Swindell",971.7339999999999,88.33945454545454,11,2017-05-18,2017-12-30,226,1,2,1,4,121
"Doug O'Connell",972.26,97.226,10,2017-12-04,2017-12-30,26,4,2,1,7,421
"Ken Brennan",974.214,121.77675,8,2017-12-29,2017-12-30,1,4,2,1,7,421
"Guy Armstrong",975.566,51.34557894736842,19,2017-12-25,2017-12-30,5,4,4,1,9,441
"Victor Preis",993.9019999999999,198.7804,5,2017-11-30,2017-12-30,30,4,1,1,6,411
"Luke Schmidt",998.032,76.7716923076923,13,2017-09-25,2017-12-30,96,2,3,1,6,231
"Bruce Geld",1006.356,143.76514285714285,7,2017-11-03,2017-12-30,57,3,1,1,5,311
"Lynn Smith",1008.1359999999999,84.01133333333333,12,2017-11-26,2017-12-30,34,3,3,1,7,331
"Randy Bradley",1008.1959999999999,168.03266666666664,6,2017-10-23,2017-12-30,68,3,1,1,5,311
"Sean Wendt",1019.0439999999998,169.84066666666664,6,2017-07-21,2017-12-30,162,2,1,1,4,211
"Tiffany House",1022.2010000000001,78.63084615384616,13,2017-09-04,2017-12-30,117,2,3,1,6,231
"Mike Kennedy",1031.6019999999999,93.78199999999998,11,2017-05-04,2017-12-30,240,1,2,1,4,121
"Darren Powers",1034.188,64.63675,16,2017-08-26,2017-12-30,126,2,3,1,6,231
"Theresa Coyne",1038.26,259.565,4,2017-09-15,2017-12-30,106,2,1,1,4,211
"Eudokia Martin",1041.042,104.10419999999999,10,2017-09-08,2017-12-30,113,2,2,1,5,221
"Susan MacKendrick",1043.0410000000002,173.8401666666667,6,2016-05-03,2017-12-30,606,1,1,1,3,111
"Duane Huffman",1043.096,94.8269090909091,11,2015-11-15,2017-12-30,776,1,2,1,4,121
"Alex Russell",1055.694,211.1388,5,2017-09-10,2017-12-30,111,2,1,1,4,211
"Vivek Sundaresam",1055.9809999999998,131.99762499999997,8,2017-05-23,2017-12-30,221,1,2,1,4,121
"Allen Armold",1056.39,70.426,15,2017-12-11,2017-12-30,19,4,3,1,8,431
"Phillina Ober",1056.8580000000002,105.68580000000001,10,2017-10-05,2017-12-30,86,2,2,1,5,221
"David Philippe",1058.616,264.654,4,2015-10-10,2017-12-30,812,1,1,1,3,111
"Pauline Chand",1061.488,353.82933333333335,3,2015-08-01,2017-12-30,882,1,1,1,3,111
"Cindy Schnelling",1070.3885,133.7985625,8,2016-11-01,2017-12-30,424,1,1,1,3,111
"David Wiener",1080.751,120.08344444444444,9,2017-10-22,2017-12-30,69,3,2,1,6,321
"Dennis Bolton",1081.466,180.24433333333332,6,2017-04-10,2017-12-30,264,1,1,1,3,111
"Jeremy Farry",1082.918,72.19453333333333,15,2017-08-31,2017-12-30,121,2,3,1,6,231
"Jesus Ocampo",1088.358,108.83579999999999,10,2017-05-29,2017-12-30,215,1,2,1,4,121
"Tony Molinari",1094.6779999999999,273.66949999999997,4,2017-08-22,2017-12-30,130,2,1,1,4,211
"Carl Ludwig",1098.43,219.686,5,2017-09-15,2017-12-30,106,2,1,1,4,211
"Tony Chapman",1103.0159999999998,110.30159999999998,10,2017-07-30,2017-12-30,153,2,2,1,5,221
"Christina DeMoss",1104.184,92.01533333333333,12,2017-11-18,2017-12-30,42,3,3,1,7,331
"Alan Barnes",1113.838,79.55985714285714,14,2017-12-05,2017-12-30,25,4,3,2,9,432
"Darrin Van Huff",1119.4830000000002,124.38700000000001,9,2017-12-11,2017-12-30,19,4,2,2,8,422
"Jim Sink",1131.0639999999999,102.82399999999998,11,2017-11-18,2017-12-30,42,3,2,2,7,322
"Carl Weiss",1136.592,103.32654545454547,11,2017-12-08,2017-12-30,22,4,2,2,8,422
"Ross DeVincentis",1137.6159999999998,71.10099999999998,16,2017-12-16,2017-12-30,14,4,4,2,10,442
"Kimberly Carter",1146.0500000000002,163.7214285714286,7,2017-11-03,2017-12-30,57,3,1,2,6,312
"Claire Gute",1148.7800000000002,229.75600000000003,5,2017-01-26,2017-12-30,338,1,1,2,4,112
"Duane Benoit",1155.2019999999998,115.52019999999997,10,2017-12-18,2017-12-30,12,4,2,2,8,422
"Jim Radford",1156.658,385.55266666666665,3,2016-05-16,2017-12-30,593,1,1,2,4,112
"Alyssa Tate",1171.8139999999999,130.20155555555553,9,2017-12-09,2017-12-30,21,4,2,2,8,422
"Debra Catini",1174.618,167.8025714285714,7,2017-12-07,2017-12-30,23,4,1,2,7,412
"Benjamin Patterson",1181.4900000000002,196.91500000000005,6,2017-11-21,2017-12-30,39,3,1,2,6,312
"Jill Stevenson",1181.734,168.81914285714285,7,2017-09-02,2017-12-30,119,2,1,2,5,212
"Evan Bailliet",1186.326,169.47514285714286,7,2017-10-09,2017-12-30,82,2,1,2,5,212
"Shirley Jackson",1190.3759999999997,198.39599999999996,6,2017-04-21,2017-12-30,253,1,1,2,4,112
"Denny Ordway",1197.3115000000003,99.77595833333335,12,2017-06-26,2017-12-30,187,1,3,2,6,132
"Dorothy Wardle",1204.854,120.4854,10,2017-05-02,2017-12-30,242,1,2,2,5,122
"Michael Dominguez",1204.9099999999999,150.61374999999998,8,2017-11-24,2017-12-30,36,3,2,2,7,322
"Jack Lebron",1214.9560000000001,101.24633333333334,12,2017-12-22,2017-12-30,8,4,3,2,9,432
"Erica Hernandez",1219.5299999999997,110.86636363636362,11,2017-12-28,2017-12-30,2,4,3,2,9,432
"Patrick Jones",1220.0900000000001,93.85307692307694,13,2017-11-21,2017-12-30,39,3,3,2,8,332
"Nora Pelletier",1228.698,175.52828571428572,7,2016-11-19,2017-12-30,406,1,1,2,4,112
"Michael Grace",1242.833,177.54757142857144,7,2017-09-05,2017-12-30,116,2,1,2,5,212
"Joni Wasserman",1244.086,113.09872727272727,11,2017-12-25,2017-12-30,5,4,3,2,9,432
"Elpida Rittenbach",1245.788,249.1576,5,2016-11-04,2017-12-30,421,1,1,2,4,112
"Matt Hagelstein",1252.8,208.79999999999998,6,2017-07-28,2017-12-30,155,2,1,2,5,212
"Steve Carroll",1254.64,156.83,8,2017-08-26,2017-12-30,126,2,2,2,6,222
"Gene McClure",1255.6819999999998,96.59092307692306,13,2017-09-15,2017-12-30,106,2,3,2,7,232
"Michelle Ellison",1256.944,209.49066666666667,6,2017-09-29,2017-12-30,92,2,1,2,5,212
"Liz Willingham",1259.04,251.808,5,2017-06-08,2017-12-30,205,1,1,2,4,112
"Cari Sayre",1267.194,181.02771428571427,7,2017-09-30,2017-12-30,91,2,1,2,5,212
"Stuart Van",1271.0900000000004,211.8483333333334,6,2017-10-15,2017-12-30,76,3,1,2,6,312
"Paul Stevenson",1278.6390000000001,98.35684615384616,13,2017-10-22,2017-12-30,69,3,3,2,8,332
"Georgia Rosenberg",1284.38,256.87600000000003,5,2014-11-21,2017-12-30,1135,1,1,2,4,112
"Saphhira Shifley",1289.548,64.4774,20,2017-12-15,2017-12-30,15,4,4,2,10,442
"Hallie Redmond",1299.2879999999998,99.94523076923075,13,2017-12-17,2017-12-30,13,4,3,2,9,432
Corey-Lock,1300.076,162.5095,8,2016-06-29,2017-12-30,549,1,1,2,4,112
"Eileen Kiefer",1303.478,325.8695,4,2017-11-16,2017-12-30,44,3,1,2,6,312
"Sibella Parks",1306.0859999999998,130.60859999999997,10,2017-02-06,2017-12-30,327,1,2,2,5,122
"Magdelene Morse",1314.0230000000001,219.00383333333335,6,2017-07-15,2017-12-30,168,2,1,2,5,212
"Michelle Tran",1319.4497999999999,119.94998181818181,11,2017-06-10,2017-12-30,203,1,2,2,5,122
"Dario Medina",1322.034,146.89266666666668,9,2017-09-07,2017-12-30,114,2,2,2,6,222
"Sarah Bern",1323.432,220.572,6,2017-06-12,2017-12-30,201,1,1,2,4,112
"Barry Franz",1333.88,133.388,10,2017-11-21,2017-12-30,39,3,2,2,7,322
"Bryan Mills",1335.896,102.76123076923076,13,2017-05-26,2017-12-30,218,1,3,2,6,132
"Sarah Jordon",1339.072,148.78577777777775,9,2017-12-01,2017-12-30,29,4,2,2,8,422
"Maureen Gnade",1342.282,191.7545714285714,7,2016-06-23,2017-12-30,555,1,1,2,4,112
"Liz MacKendrick",1346.774,192.3962857142857,7,2016-12-04,2017-12-30,391,1,1,2,4,112
"George Bell",1356.48,71.39368421052632,19,2017-10-29,2017-12-30,62,3,4,2,9,342
"Gene Hale",1361.2440000000001,453.74800000000005,3,2016-12-08,2017-12-30,387,1,1,2,4,112
"Don Miller",1376.792,137.67919999999998,10,2016-09-05,2017-12-30,481,1,2,2,5,122
"Cyra Reiten",1380.8324,230.13873333333333,6,2017-10-06,2017-12-30,85,2,1,2,5,212
"Frank Gastineau",1383.1440000000002,125.74036363636365,11,2017-11-26,2017-12-30,34,3,2,2,7,322
"Troy Blackwell",1387.559,198.2227142857143,7,2017-03-20,2017-12-30,285,1,1,2,4,112
"Jeremy Ellison",1388.682,106.8216923076923,13,2017-06-20,2017-12-30,193,1,3,2,6,132
"Nathan Gelder",1395.938,155.10422222222223,9,2017-11-12,2017-12-30,48,3,2,2,7,322
"Meg O'Connel",1396.3229999999999,155.147,9,2017-09-17,2017-12-30,104,2,2,2,6,222
"Christine Abelman",1401.0739999999998,140.10739999999998,10,2017-12-17,2017-12-30,13,4,2,2,8,422
"Paul MacIntyre",1405.402,351.3505,4,2016-12-09,2017-12-30,386,1,1,2,4,112
"Nancy Lomonaco",1418.0900000000001,141.80900000000003,10,2017-11-02,2017-12-30,58,3,2,2,7,322
"Roger Demir",1419.7370000000003,70.98685000000002,20,2017-12-09,2017-12-30,21,4,4,2,10,442
"Thomas Thornton",1427.044,95.13626666666667,15,2017-06-30,2017-12-30,183,2,3,2,7,232
"Maria Bertelson",1427.3259999999996,79.29588888888887,18,2017-11-12,2017-12-30,48,3,4,2,9,342
"Mick Brown",1428.231,142.8231,10,2017-11-16,2017-12-30,44,3,2,2,7,322
"Julia West",1428.731,204.10442857142857,7,2016-09-25,2017-12-30,461,1,1,2,4,112
"Tamara Dahlen",1434.5480000000002,89.65925000000001,16,2017-11-23,2017-12-30,37,3,4,2,9,342
"Paul Knutson",1441.152,480.384,3,2016-09-03,2017-12-30,483,1,1,2,4,112
"Delfina Latchford",1446.0660000000003,90.37912500000002,16,2017-12-08,2017-12-30,22,4,4,2,10,442
"Ralph Kennedy",1448.0000000000002,206.8571428571429,7,2015-10-12,2017-12-30,810,1,1,2,4,112
"Andy Gerbode",1448.9419999999998,181.11774999999997,8,2015-09-07,2017-12-30,845,1,1,2,4,112
"Raymond Messe",1453.474,161.4971111111111,9,2017-01-19,2017-12-30,345,1,2,2,5,122
"Philip Brown",1456.9499999999998,132.45,11,2017-09-24,2017-12-30,97,2,2,2,6,222
"Bradley Nguyen",1459.344,85.84376470588235,17,2017-12-21,2017-12-30,9,4,4,2,10,442
"Parhena Norris",1467.152,112.85784615384615,13,2017-11-30,2017-12-30,30,4,3,2,9,432
"Ted Butterfield",1467.881,81.54894444444444,18,2017-09-02,2017-12-30,119,2,4,2,8,242
"Laurel Elliston",1469.4500000000003,163.27222222222224,9,2017-12-09,2017-12-30,21,4,2,2,8,422
"Charlotte Melton",1475.1440000000002,210.73485714285718,7,2017-12-22,2017-12-30,8,4,1,2,7,412
"Dan Lawera",1490.818,114.6783076923077,13,2017-01-19,2017-12-30,345,1,3,2,6,132
"Zuschuss Donatelli",1493.944,165.99377777777778,9,2017-06-11,2017-12-30,202,1,2,2,5,122
"John Grady",1507.0180000000003,167.44644444444447,9,2017-05-21,2017-12-30,223,1,2,2,5,122
"Ann Blume",1515.862,189.48275,8,2017-11-10,2017-12-30,50,3,2,2,7,322
"Kelly Andreada",1519.506,138.13690909090909,11,2017-11-24,2017-12-30,36,3,2,2,7,322
"Benjamin Venier",1523.2730000000001,108.8052142857143,14,2017-01-30,2017-12-30,334,1,3,2,6,132
"Bruce Degenhardt",1526.5,152.65,10,2017-09-28,2017-12-30,93,2,2,2,6,222
"Cathy Hwang",1537.2360000000003,384.3090000000001,4,2016-02-08,2017-12-30,691,1,1,2,4,112
"Brian DeCherney",1538.1099999999997,192.26374999999996,8,2017-10-22,2017-12-30,69,3,2,2,7,322
"Mark Van Huff",1542.4099999999999,110.17214285714284,14,2017-12-03,2017-12-30,27,4,3,2,9,432
"Odella Nelson",1567.52,104.50133333333333,15,2016-11-15,2017-12-30,410,1,3,2,6,132
"Theresa Swint",1568.244,98.01525,16,2016-08-13,2017-12-30,504,1,3,2,6,132
"Karl Braun",1569.4640000000002,71.33927272727273,22,2017-03-09,2017-12-30,296,1,4,2,7,142
"Tim Brockman",1569.5919999999999,87.19955555555555,18,2017-01-15,2017-12-30,349,1,4,2,7,142
"James Lanier",1571.523,224.5032857142857,7,2017-12-24,2017-12-30,6,4,1,2,7,412
"Monica Federle",1575.36,143.21454545454546,11,2017-12-23,2017-12-30,7,4,3,2,9,432
"Mike Caudle",1581.9979999999998,143.81799999999998,11,2016-12-26,2017-12-30,369,1,2,2,5,122
"Cyma Kinney",1582.1090000000004,113.00778571428575,14,2017-10-09,2017-12-30,82,2,3,2,7,232
"Benjamin Farhat",1585.162,198.14525,8,2017-10-26,2017-12-30,65,3,2,2,7,322
"Alan Haines",1587.452,198.4315,8,2017-11-05,2017-12-30,55,3,2,2,7,322
"Deanra Eno",1588.464,226.92342857142856,7,2016-01-11,2017-12-30,719,1,1,2,4,112
"Stephanie Phelps",1598.516,114.1797142857143,14,2016-11-12,2017-12-30,413,1,3,2,6,132
"Craig Reiter",1600.55,266.7583333333333,6,2017-10-13,2017-12-30,78,2,1,2,5,212
"Maurice Satty",1613.402,107.56013333333334,15,2016-11-12,2017-12-30,413,1,3,2,6,132
"Annie Zypern",1622.018,135.16816666666668,12,2017-07-23,2017-12-30,160,2,3,2,7,232
"Katrina Edelman",1626.6832000000004,116.19165714285717,14,2017-12-04,2017-12-30,26,4,3,2,9,432
"Anne Pryor",1638.5539999999999,86.2396842105263,19,2017-11-19,2017-12-30,41,3,4,2,9,342
"Erica Bern",1643.255,273.87583333333333,6,2017-12-30,2017-12-30,0,4,1,2,7,412
"Chad McGuire",1643.97,273.995,6,2017-12-22,2017-12-30,8,4,1,2,7,412
"Jennifer Patt",1653.5830000000003,118.11307142857144,14,2017-11-23,2017-12-30,37,3,3,2,8,332
"Cindy Chapman",1659.438,127.64907692307693,13,2017-11-21,2017-12-30,39,3,3,2,8,332
"Logan Haushalter",1660.3049999999998,92.23916666666666,18,2016-12-10,2017-12-30,385,1,4,2,7,142
"Candace McMahon",1673.8880000000001,167.3888,10,2017-08-21,2017-12-30,131,2,2,2,6,222
"Cathy Armstrong",1679.724,167.9724,10,2016-11-24,2017-12-30,401,1,2,2,5,122
"Ryan Akin",1686.9225000000004,187.43583333333336,9,2017-10-30,2017-12-30,61,3,2,2,7,322
"Darren Koutras",1687.04,210.88,8,2017-12-23,2017-12-30,7,4,2,2,8,422
"Becky Pak",1692.146,169.2146,10,2017-10-02,2017-12-30,89,2,2,2,6,222
"Denny Blanton",1702.5480000000002,130.9652307692308,13,2017-06-26,2017-12-30,187,1,3,2,6,132
"Tracy Zic",1707.2860000000003,189.69844444444448,9,2017-11-25,2017-12-30,35,3,2,2,7,322
"Julie Prescott",1707.7099999999998,131.36230769230767,13,2017-09-19,2017-12-30,102,2,3,2,7,232
"Ben Wallace",1726.2300000000002,191.80333333333337,9,2017-06-10,2017-12-30,203,1,2,2,5,122
"Brad Eason",1727.652,132.8963076923077,13,2017-04-20,2017-12-30,254,1,3,2,6,132
"Jessica Myrick",1733.4430000000002,173.34430000000003,10,2017-09-19,2017-12-30,102,2,2,2,6,222
"Mike Vittorini",1734.5739999999998,157.68854545454545,11,2017-12-11,2017-12-30,19,4,2,2,8,422
"Adrian Hane",1735.5140000000001,108.46962500000001,16,2017-10-31,2017-12-30,60,3,4,2,9,342
"Valerie Takahito",1736.596,192.9551111111111,9,2015-04-05,2017-12-30,1000,1,2,2,5,122
"Aaron Hawkins",1744.6999999999998,158.6090909090909,11,2017-12-18,2017-12-30,12,4,3,2,9,432
"Darrin Sayre",1762.2130000000002,92.74805263157896,19,2017-09-28,2017-12-30,93,2,4,2,8,242
"Chad Cunningham",1765.23,147.1025,12,2016-09-29,2017-12-30,457,1,3,2,6,132
"Andrew Allen",1782.872,162.07927272727272,11,2017-04-15,2017-12-30,259,1,2,2,5,122
"Jennifer Braxton",1791.605,111.9753125,16,2017-12-23,2017-12-30,7,4,4,2,10,442
"Janet Molinari",1804.1460000000002,138.78046153846157,13,2017-11-23,2017-12-30,37,3,3,2,8,332
"Noah Childs",1821.7420000000002,202.4157777777778,9,2017-06-09,2017-12-30,204,1,2,2,5,122
"Pauline Johnson",1824.2340000000002,182.42340000000002,10,2017-08-18,2017-12-30,134,2,2,2,6,222
"Lisa Ryan",1831.386,183.1386,10,2017-08-20,2017-12-30,132,2,2,2,6,222
"Emily Grady",1832.02,203.55777777777777,9,2017-12-08,2017-12-30,22,4,2,2,8,422
"Pamela Coakley",1832.064,366.4128,5,2017-12-28,2017-12-30,2,4,1,2,7,412
"Ashley Jarboe",1839.2400000000002,183.92400000000004,10,2017-10-06,2017-12-30,85,2,2,2,6,222
"Patrick Ryan",1840.1779999999997,153.34816666666663,12,2017-11-24,2017-12-30,36,3,3,2,8,332
"Julia Barnett",1841.651,263.093,7,2017-12-23,2017-12-30,7,4,1,2,7,412
"Christy Brittain",1856.26,168.7509090909091,11,2017-12-04,2017-12-30,26,4,2,2,8,422
"Skye Norling",1860.418,124.02786666666665,15,2017-09-10,2017-12-30,111,2,3,2,7,232
"Cynthia Delaney",1860.732,124.0488,15,2016-11-26,2017-12-30,399,1,3,2,6,132
"Nat Gilpin",1869.58,116.84875,16,2017-11-12,2017-12-30,48,3,4,2,9,342
"Brooke Gillingham",1874.172,234.2715,8,2017-11-24,2017-12-30,36,3,2,2,7,322
"Shaun Chance",1874.998,187.4998,10,2017-11-24,2017-12-30,36,3,2,2,7,322
"Sheri Gordon",1884.7980000000002,134.6284285714286,14,2017-06-30,2017-12-30,183,2,3,2,7,232
"Giulietta Dortch",1888.0700000000002,314.67833333333334,6,2017-12-25,2017-12-30,5,4,1,2,7,412
"Katherine Ducich",1888.964,188.8964,10,2017-11-19,2017-12-30,41,3,2,2,7,322
"Susan Vittorini",1903.491,146.4223846153846,13,2017-12-28,2017-12-30,2,4,3,2,9,432
"Max Engle",1908.4532,146.80409230769231,13,2017-12-02,2017-12-30,28,4,3,2,9,432
"Jas O'Carroll",1911.5520000000001,191.1552,10,2017-09-29,2017-12-30,92,2,2,2,6,222
"Jay Fein",1911.844,119.49025,16,2017-09-16,2017-12-30,105,2,4,2,8,242
"Tracy Poddar",1936.6399999999996,193.66399999999996,10,2017-01-14,2017-12-30,350,1,2,2,5,122
"Lisa DeCherney",1961.934,280.27628571428573,7,2016-11-11,2017-12-30,414,1,1,2,4,112
"Scott Williamson",1966.65,280.95,7,2017-11-30,2017-12-30,30,4,1,2,7,412
"Nona Balk",1972.599,116.03523529411764,17,2017-12-11,2017-12-30,19,4,4,2,10,442
"Paul Gonzalez",1987.1640000000002,116.89200000000001,17,2017-11-03,2017-12-30,57,3,4,2,9,342
"Doug Bickford",1989.05,180.82272727272726,11,2017-11-27,2017-12-30,33,3,2,2,7,322
"Harold Pawlan",1990.314,199.03140000000002,10,2017-11-30,2017-12-30,30,4,2,2,8,422
"Victoria Brennan",2005.5959999999998,200.5596,10,2017-11-06,2017-12-30,54,3,2,2,7,322
"Denny Joy",2012.5200000000002,402.504,5,2016-04-02,2017-12-30,637,1,1,2,4,112
"Nicole Fjeld",2031.472,169.28933333333333,12,2017-09-07,2017-12-30,114,2,3,2,7,232
"Carlos Daly",2033.968,225.99644444444445,9,2017-11-20,2017-12-30,40,3,2,2,7,322
"Art Ferguson",2052.9080000000004,128.30675000000002,16,2017-11-19,2017-12-30,41,3,4,2,9,342
"Tom Stivers",2054.14,293.4485714285714,7,2017-07-11,2017-12-30,172,2,1,2,5,212
"Liz Carlisle",2064.504,258.063,8,2017-09-09,2017-12-30,112,2,2,2,6,222
"Roger Barcio",2067.45,295.34999999999997,7,2017-11-06,2017-12-30,54,3,1,2,6,312
"Max Ludwig",2071.914,159.37800000000001,13,2017-12-01,2017-12-30,29,4,3,2,9,432
"Trudy Glocke",2074.661,207.4661,10,2017-09-07,2017-12-30,114,2,2,2,6,222
"Rob Haberlin",2085.7400000000002,189.61272727272728,11,2016-07-14,2017-12-30,534,1,2,2,5,122
"Stefanie Holloman",2096.392,1048.196,2,2015-11-26,2017-12-30,765,1,1,2,4,112
"Karen Carlisle",2103.8340000000003,233.75933333333336,9,2016-11-18,2017-12-30,407,1,2,2,5,122
"Neoma Murray",2123.347,163.33438461538464,13,2017-04-30,2017-12-30,244,1,3,2,6,132
"Kalyca Meade",2134.248,125.544,17,2017-12-16,2017-12-30,14,4,4,2,10,442
"Edward Nazzal",2138.246,267.28075,8,2017-03-18,2017-12-30,287,1,1,2,4,112
"Duane Noonan",2139.7900000000004,194.52636363636367,11,2017-05-27,2017-12-30,217,1,2,2,5,122
"Kristina Nunn",2148.03,165.23307692307694,13,2017-09-23,2017-12-30,98,2,3,2,7,232
"Clay Rozendal",2148.852,358.142,6,2017-11-03,2017-12-30,57,3,1,2,6,312
"John Dryer",2152.3520000000003,307.4788571428572,7,2017-09-04,2017-12-30,117,2,1,2,5,212
"Ed Jacobs",2162.174,270.27175,8,2017-03-03,2017-12-30,302,1,1,2,4,112
"Helen Abelman",2163.3,216.33,10,2017-10-22,2017-12-30,69,3,2,2,7,322
"Dave Poirier",2164.89,166.53,13,2017-12-24,2017-12-30,6,4,3,2,9,432
"Roy Phan",2170.716000000001,144.71440000000004,15,2017-12-02,2017-12-30,28,4,3,2,9,432
"Daniel Byrd",2171.599,180.96658333333335,12,2017-12-09,2017-12-30,21,4,3,2,9,432
"Kean Nguyen",2171.962,271.49525,8,2017-11-08,2017-12-30,52,3,2,2,7,322
"Shahid Hopkins",2180.718,145.38119999999998,15,2017-12-07,2017-12-30,23,4,3,2,9,432
"Pamela Stobb",2181.479,103.87995238095237,21,2017-09-14,2017-12-30,107,2,4,2,8,242
"Bill Tyler",2182.1940000000004,242.46600000000004,9,2017-03-03,2017-12-30,302,1,2,2,5,122
"Nick Radford",2184.337,182.02808333333334,12,2017-06-03,2017-12-30,210,1,3,2,6,132
"Giulietta Weimer",2189.0190000000007,243.22433333333342,9,2017-12-02,2017-12-30,28,4,2,2,8,422
"Jason Gross",2197.7960000000003,219.77960000000002,10,2017-12-28,2017-12-30,2,4,2,2,8,422
"Toby Braunhardt",2198.45,199.8590909090909,11,2016-05-26,2017-12-30,583,1,2,2,5,122
"Justin Ritter",2201.6859999999997,220.16859999999997,10,2017-11-27,2017-12-30,33,3,2,2,7,322
"Janet Lee",2203.7,220.36999999999998,10,2017-09-02,2017-12-30,119,2,2,2,6,222
"Maya Herman",2203.7780000000002,200.34345454545456,11,2017-09-23,2017-12-30,98,2,2,2,6,222
"Dean Braden",2204.829,116.04363157894738,19,2017-12-21,2017-12-30,9,4,4,2,10,442
"Phillip Flathmann",2206.1279999999997,220.61279999999996,10,2017-09-07,2017-12-30,114,2,2,2,6,222
"Greg Guthrie",2216.0080000000007,96.34817391304351,23,2017-11-17,2017-12-30,43,3,4,2,9,342
"Mick Crebagga",2218.98,116.78842105263158,19,2017-11-19,2017-12-30,41,3,4,2,9,342
"Nathan Cano",2218.99,158.4992857142857,14,2017-11-19,2017-12-30,41,3,3,2,8,332
"Allen Rosenblatt",2236.128,319.44685714285714,7,2017-08-27,2017-12-30,125,2,1,3,6,213
"Laurel Workman",2238.0609999999997,149.20406666666665,15,2017-10-03,2017-12-30,88,2,3,3,8,233
"Maribeth Yedwab",2242.6119999999996,186.8843333333333,12,2017-12-01,2017-12-30,29,4,3,3,10,433
"Tony Sayre",2243.274,160.23385714285715,14,2017-12-19,2017-12-30,11,4,3,3,10,433
"Ken Dana",2243.5099999999998,172.5776923076923,13,2017-03-16,2017-12-30,289,1,3,3,7,133
"Justin Hirsh",2256.3940000000002,451.27880000000005,5,2016-11-21,2017-12-30,404,1,1,3,5,113
"Matt Connell",2258.192,125.45511111111111,18,2017-09-09,2017-12-30,112,2,4,3,9,243
"Bobby Elias",2261.438,452.2876,5,2017-09-23,2017-12-30,98,2,1,3,6,213
"Craig Carreira",2269.7015000000006,162.12153571428576,14,2017-12-01,2017-12-30,29,4,3,3,10,433
"Fred Harton",2271.284,162.23457142857143,14,2017-06-01,2017-12-30,212,1,3,3,7,133
"Jamie Frazer",2279.5860000000002,119.9782105263158,19,2017-10-26,2017-12-30,65,3,4,3,10,343
"Chris McAfee",2287.172,326.73885714285717,7,2016-12-10,2017-12-30,385,1,1,3,5,113
"Lena Hernandez",2295.3320000000003,153.02213333333336,15,2017-12-09,2017-12-30,21,4,3,3,10,433
"Michael Kennedy",2302.3680000000004,135.4334117647059,17,2017-12-02,2017-12-30,28,4,4,3,11,443
"Xylona Preis",2320.4080000000004,89.24646153846155,26,2017-11-17,2017-12-30,43,3,4,3,10,343
"Elizabeth Moffitt",2324.358,154.9572,15,2017-11-05,2017-12-30,55,3,3,3,9,333
"Andrew Gjertsen",2338.679,116.93395000000001,20,2017-10-13,2017-12-30,78,2,4,3,9,243
"Roland Fjeld",2341.2960000000003,167.2354285714286,14,2017-10-02,2017-12-30,89,2,3,3,8,233
"Maureen Gastineau",2350.188,235.0188,10,2017-09-29,2017-12-30,92,2,2,3,7,223
"Craig Leslie",2353.586,294.19825,8,2017-09-16,2017-12-30,105,2,2,3,7,223
"Jack Garza",2358.676,336.9537142857143,7,2015-12-03,2017-12-30,758,1,1,3,5,113
"Matt Collister",2362.5069999999996,147.65668749999998,16,2017-11-09,2017-12-30,51,3,4,3,10,343
"Cynthia Voltz",2370.3136,124.75334736842105,19,2017-12-25,2017-12-30,5,4,4,3,11,443
"Jennifer Ferguson",2371.448,169.38914285714284,14,2017-12-28,2017-12-30,2,4,3,3,10,433
"Clytie Kelty",2372.7500000000005,94.91000000000003,25,2017-11-17,2017-12-30,43,3,4,3,10,343
"Filia McAdams",2374.27,169.59071428571428,14,2017-12-23,2017-12-30,7,4,3,3,10,433
"Marc Harrigan",2381.7309999999998,198.4775833333333,12,2017-09-02,2017-12-30,119,2,3,3,8,233
"Beth Paige",2383.7970000000005,158.91980000000004,15,2017-12-18,2017-12-30,12,4,3,3,10,433
"David Flashing",2390.534,398.42233333333337,6,2016-01-30,2017-12-30,700,1,1,3,5,113
"Bart Pistole",2399.54,133.30777777777777,18,2017-12-13,2017-12-30,17,4,4,3,11,443
"Amy Hunt",2406.4316000000003,343.7759428571429,7,2017-05-14,2017-12-30,230,1,1,3,5,113
"Thea Hendricks",2422.824,346.11771428571427,7,2017-01-20,2017-12-30,344,1,1,3,5,113
"Michelle Arnett",2453.284,204.44033333333334,12,2017-06-27,2017-12-30,186,1,3,3,7,133
"George Zrebassa",2454.6220000000003,490.92440000000005,5,2017-07-26,2017-12-30,157,2,1,3,6,213
"Valerie Mitchum",2454.866,204.57216666666667,12,2017-11-06,2017-12-30,54,3,3,3,9,333
"Brendan Sweed",2454.9280000000003,245.49280000000005,10,2017-11-25,2017-12-30,35,3,2,3,8,323
"Mark Hamilton",2456.182,223.2892727272727,11,2017-10-06,2017-12-30,85,2,2,3,7,223
"Nat Carroll",2461.404000000001,144.78847058823536,17,2017-05-20,2017-12-30,224,1,4,3,8,143
"Charles Crestani",2471.6500000000005,224.6954545454546,11,2017-09-15,2017-12-30,106,2,2,3,7,223
"Michael Nguyen",2477.946,247.7946,10,2017-11-26,2017-12-30,34,3,2,3,8,323
"Nick Zandusky",2488.31,124.4155,20,2017-10-06,2017-12-30,85,2,4,3,9,243
"Bruce Stewart",2492.3500000000004,207.69583333333335,12,2017-12-29,2017-12-30,1,4,3,3,10,433
"Patrick O'Donnell",2493.2140000000004,191.78569230769233,13,2017-12-30,2017-12-30,0,4,3,3,10,433
"Ann Chong",2499.7560000000003,147.0444705882353,17,2017-09-02,2017-12-30,119,2,4,3,9,243
"Don Jones",2501.688,192.43753846153848,13,2017-11-12,2017-12-30,48,3,3,3,9,333
"Joy Smith",2516.4939999999997,139.8052222222222,18,2017-12-02,2017-12-30,28,4,4,3,11,443
"Fred McMath",2523.2659999999996,180.2332857142857,14,2017-08-07,2017-12-30,145,2,3,3,8,233
"Lena Cacioppo",2526.182,90.22078571428571,28,2017-12-03,2017-12-30,27,4,4,3,11,443
"Herbert Flentye",2533.164,133.32442105263158,19,2017-12-09,2017-12-30,21,4,4,3,11,443
"Charles McCrossin",2533.314,361.902,7,2017-12-04,2017-12-30,26,4,1,3,8,413
"Corey Catlett",2540.631,211.71925,12,2017-11-26,2017-12-30,34,3,3,3,9,333
"Mary Zewe",2564.906,256.4906,10,2017-03-23,2017-12-30,282,1,2,3,6,123
"Alejandro Grove",2565.2579999999994,197.3275384615384,13,2017-03-27,2017-12-30,278,1,3,3,7,133
"Eleni McCrary",2567.01,366.71571428571434,7,2017-08-20,2017-12-30,132,2,1,3,6,213
"Beth Thompson",2567.656,285.2951111111111,9,2017-01-28,2017-12-30,336,1,2,3,6,123
"Neola Schneider",2575.863,171.7242,15,2017-12-24,2017-12-30,6,4,3,3,10,433
"Steve Chapman",2576.408,184.02914285714286,14,2017-10-02,2017-12-30,89,2,3,3,8,233
"Helen Andreada",2584.1580000000004,143.56433333333337,18,2017-12-10,2017-12-30,20,4,4,3,11,443
"Bill Overfelt",2586.08,258.608,10,2017-08-15,2017-12-30,137,2,2,3,7,223
"Stephanie Ulpright",2595.3640000000005,144.18688888888892,18,2017-12-10,2017-12-30,20,4,4,3,11,443
"Sean O'Donnell",2602.575500000001,173.5050333333334,15,2017-12-01,2017-12-30,29,4,3,3,10,433
"Logan Currie",2605.1120000000005,153.24188235294122,17,2017-12-17,2017-12-30,13,4,4,3,11,443
"Ralph Arnett",2606.0820000000003,162.88012500000002,16,2017-12-25,2017-12-30,5,4,4,3,11,443
"Katherine Nockton",2617.2720000000004,153.95717647058825,17,2017-12-11,2017-12-30,19,4,4,3,11,443
"Frank Olsen",2622.838,187.34557142857145,14,2017-11-22,2017-12-30,38,3,3,3,9,333
"Christina Anderson",2648.2871999999998,155.7816,17,2017-11-04,2017-12-30,56,3,4,3,10,343
"Dave Kipp",2650.557,203.88899999999998,13,2017-11-18,2017-12-30,42,3,3,3,9,333
"Eva Jacobs",2656.691,332.086375,8,2017-11-03,2017-12-30,57,3,2,3,8,323
"Erin Ashbrook",2660.8250000000007,110.86770833333337,24,2017-07-31,2017-12-30,152,2,4,3,9,243
"Richard Bierner",2663.0860000000002,166.44287500000002,16,2017-12-11,2017-12-30,19,4,4,3,11,443
"Nicole Hansen",2673.2899999999995,243.02636363636358,11,2017-06-24,2017-12-30,189,1,2,3,6,123
"Bradley Talbott",2684.492,268.4492,10,2017-09-30,2017-12-30,91,2,2,3,7,223
"Chris Selesnick",2696.7959999999994,103.72292307692305,26,2017-11-23,2017-12-30,37,3,4,3,10,343
"Justin Ellison",2697.248,385.3211428571429,7,2017-12-10,2017-12-30,20,4,1,3,8,413
"Jay Kimmel",2709.632,159.39011764705882,17,2017-11-16,2017-12-30,44,3,4,3,10,343
"Marina Lichtenstein",2722.843,136.14215,20,2017-10-22,2017-12-30,69,3,4,3,10,343
"Marc Crier",2723.036,226.91966666666667,12,2017-10-15,2017-12-30,76,3,3,3,9,333
"John Lucas",2725.2560000000003,247.7505454545455,11,2016-04-25,2017-12-30,614,1,2,3,6,123
"Lauren Leatherbury",2741.204,228.43366666666668,12,2017-04-25,2017-12-30,249,1,3,3,7,133
"Ken Black",2742.7580000000003,124.67081818181819,22,2017-05-14,2017-12-30,230,1,4,3,8,143
"Michelle Moray",2749.881,144.7305789473684,19,2017-10-30,2017-12-30,61,3,4,3,10,343
"Emily Burns",2767.219,251.56536363636363,11,2017-09-21,2017-12-30,100,2,2,3,7,223
"Philip Fox",2770,277,10,2017-06-17,2017-12-30,196,1,2,3,6,123
"John Castell",2772.0550000000007,173.25343750000005,16,2017-07-25,2017-12-30,158,2,3,3,8,233
"Sally Hughsby",2774.2394999999997,102.7496111111111,27,2017-12-01,2017-12-30,29,4,4,3,11,443
"Robert Dilbeck",2786.6319999999996,557.3263999999999,5,2017-09-07,2017-12-30,114,2,1,3,6,213
"Trudy Brown",2797.668,186.5112,15,2017-11-30,2017-12-30,30,4,3,3,10,433
"Barry Gonzalez",2798.948,233.24566666666666,12,2017-12-02,2017-12-30,28,4,3,3,10,433
"Troy Staebel",2801.8840000000005,280.18840000000006,10,2017-11-05,2017-12-30,55,3,2,3,8,323
"Gary Hansen",2807.7070000000003,175.48168750000002,16,2017-10-16,2017-12-30,75,3,4,3,10,343
"Christina VanderZanden",2830.6279999999997,217.74061538461535,13,2017-04-20,2017-12-30,254,1,3,3,7,133
"Justin MacKendrick",2833.9260000000004,149.15400000000002,19,2017-11-03,2017-12-30,57,3,4,3,10,343
"Darren Budd",2839.2272000000003,202.80194285714288,14,2017-05-03,2017-12-30,241,1,3,3,7,133
"Linda Southworth",2845.27,203.23357142857142,14,2017-07-05,2017-12-30,178,2,3,3,8,233
"Ionia McGrath",2848.36,949.4533333333334,3,2016-11-16,2017-12-30,409,1,1,3,5,113
"Arthur Wiediger",2851.4440000000004,190.0962666666667,15,2017-11-14,2017-12-30,46,3,3,3,9,333
"Craig Carroll",2854.1150000000007,237.84291666666672,12,2015-10-23,2017-12-30,799,1,3,3,7,133
"Barry Franz?sisch",2865.786,143.2893,20,2017-10-17,2017-12-30,74,3,4,3,10,343
"Chuck Clark",2870.0500000000006,151.05526315789476,19,2017-12-30,2017-12-30,0,4,4,3,11,443
"Paul Van Hugh",2876.0460000000003,221.2343076923077,13,2017-10-02,2017-12-30,89,2,3,3,8,233
"David Smith",2881.8128,144.09064,20,2017-12-07,2017-12-30,23,4,4,3,11,443
"Meg Tillman",2890.139,289.01390000000004,10,2017-11-11,2017-12-30,49,3,2,3,8,323
"Mike Gockenbach",2890.591,481.76516666666663,6,2017-10-07,2017-12-30,84,2,1,3,6,213
"Neil Ducich",2893.455,361.681875,8,2017-06-30,2017-12-30,183,2,2,3,7,223
"Craig Yedwab",2900.026,263.63872727272724,11,2017-10-31,2017-12-30,60,3,2,3,8,323
"Rob Dowd",2912.8940000000002,153.3102105263158,19,2017-07-03,2017-12-30,180,2,4,3,9,243
"Maris LaWare",2921.499999999999,194.7666666666666,15,2017-11-06,2017-12-30,54,3,3,3,9,333
"Shaun Weien",2921.544,324.616,9,2017-07-21,2017-12-30,162,2,2,3,7,223
"David Bremer",2931.718,225.51676923076923,13,2017-11-12,2017-12-30,48,3,3,3,9,333
"Julie Kriz",2932.4840000000004,172.49905882352942,17,2017-09-04,2017-12-30,117,2,4,3,9,243
"Becky Castell",2933.6759999999995,162.98199999999997,18,2017-06-11,2017-12-30,202,1,4,3,8,143
"Liz Thompson",2936.2519999999995,209.73228571428567,14,2017-11-26,2017-12-30,34,3,3,3,9,333
"Christine Kargatis",2939.606,267.23690909090914,11,2017-09-01,2017-12-30,120,2,2,3,7,223
"Thea Hudgings",2942.772,326.9746666666667,9,2017-11-02,2017-12-30,58,3,2,3,8,323
"Tamara Manning",2953.986,164.11033333333333,18,2017-09-18,2017-12-30,103,2,4,3,9,243
"Noel Staavos",2964.8229999999994,114.03165384615383,26,2017-07-09,2017-12-30,174,2,4,3,9,243
"Frank Atkinson",2984.053999999999,175.53258823529407,17,2017-09-24,2017-12-30,97,2,4,3,9,243
"Michelle Huthwaite",2984.9480000000003,298.49480000000005,10,2017-11-11,2017-12-30,49,3,2,3,8,323
"Lindsay Shagiari",2988.674,135.8488181818182,22,2017-12-10,2017-12-30,20,4,4,3,11,443
"Eugene Hildebrand",3013.1530000000002,177.2442941176471,17,2017-07-31,2017-12-30,152,2,4,3,9,243
"Carlos Soltero",3027.7549999999997,144.17880952380952,21,2017-12-05,2017-12-30,25,4,4,3,11,443
"Aaron Smayling",3035.0320000000006,337.22577777777786,9,2017-10-03,2017-12-30,88,2,2,3,7,223
"Cynthia Arntzen",3041.5659999999993,178.91564705882348,17,2017-09-01,2017-12-30,120,2,4,3,9,243
"Sara Luxemburg",3053.012000000001,339.22355555555566,9,2017-10-21,2017-12-30,70,3,2,3,8,323
"Shahid Shariari",3056.807,254.73391666666666,12,2017-09-11,2017-12-30,110,2,3,3,8,233
"Kean Takahito",3057.1,218.3642857142857,14,2016-12-04,2017-12-30,391,1,3,3,7,133
"Toby Gnade",3058.3720000000003,339.81911111111117,9,2017-01-27,2017-12-30,337,1,2,3,6,123
"Eugene Barchas",3071.1259999999997,279.1932727272727,11,2017-09-08,2017-12-30,113,2,2,3,7,223
"Gary Mitchum",3078.6240000000003,256.552,12,2017-12-14,2017-12-30,16,4,3,3,10,433
"Patrick Gardner",3086.907,118.72719230769232,26,2017-11-24,2017-12-30,36,3,4,3,10,343
"Katherine Hughes",3100.6119999999996,221.47228571428568,14,2017-12-29,2017-12-30,1,4,3,3,10,433
"Speros Goranitis",3116.9760000000006,259.74800000000005,12,2017-09-13,2017-12-30,108,2,3,3,8,233
"Steve Nguyen",3127.9592000000007,164.62943157894742,19,2017-10-12,2017-12-30,79,2,4,3,9,243
"Tanja Norvell",3130.221,260.85175,12,2017-10-01,2017-12-30,90,2,3,3,8,233
"Ruben Dartt",3133.9239999999995,149.23447619047616,21,2017-09-07,2017-12-30,114,2,4,3,9,243
"Maxwell Schwartz",3138.5819999999994,174.36566666666664,18,2017-08-31,2017-12-30,121,2,4,3,9,243
"Jeremy Lonsdale",3142.746,196.421625,16,2017-11-11,2017-12-30,49,3,4,3,10,343
"Janet Martin",3145.3740000000003,174.74300000000002,18,2017-11-23,2017-12-30,37,3,4,3,10,343
"Karen Bern",3152.615,315.26149999999996,10,2017-12-26,2017-12-30,4,4,2,3,9,423
"Chloris Kastensmidt",3154.855,98.58921875,32,2017-11-21,2017-12-30,39,3,4,3,10,343
"Greg Matthias",3163.628,287.60254545454546,11,2017-07-31,2017-12-30,152,2,2,3,7,223
"Edward Becker",3166.882,175.9378888888889,18,2017-11-25,2017-12-30,35,3,4,3,10,343
"Henry Goldwyn",3184.1739999999995,212.27826666666664,15,2017-12-07,2017-12-30,23,4,3,3,10,433
"Victoria Pisteka",3193.6059999999998,245.66199999999998,13,2017-10-16,2017-12-30,75,3,3,3,9,333
"Deirdre Greer",3195.818,399.47725,8,2017-11-28,2017-12-30,32,3,2,3,8,323
"Brian Thompson",3196.7520000000004,159.8376,20,2017-12-10,2017-12-30,20,4,4,3,11,443
"Christine Sundaresam",3202.1620000000003,145.5528181818182,22,2017-12-24,2017-12-30,6,4,4,3,11,443
"Mark Packer",3206.132,229.00942857142857,14,2016-01-11,2017-12-30,719,1,3,3,7,133
"Alejandro Savely",3212.272,458.896,7,2017-12-11,2017-12-30,19,4,1,3,8,413
"Ricardo Sperren",3221.29,357.9211111111111,9,2017-10-15,2017-12-30,76,3,2,3,8,323
"Lindsay Williams",3230.308,293.66436363636365,11,2017-11-27,2017-12-30,33,3,2,3,8,323
"Sharelle Roach",3233.481,359.27566666666667,9,2017-12-22,2017-12-30,8,4,2,3,9,423
"Carol Triggs",3241.898000000001,180.10544444444452,18,2017-09-25,2017-12-30,96,2,4,3,9,243
"Lindsay Castell",3246.626,463.8037142857143,7,2016-10-20,2017-12-30,436,1,1,3,5,113
"Adam Hart",3250.336999999999,162.51684999999995,20,2017-11-26,2017-12-30,34,3,4,3,10,343
"Damala Kotsonis",3253.5340000000006,125.13592307692309,26,2017-12-09,2017-12-30,21,4,4,3,11,443
"Jack O'Briant",3254.9490000000005,250.38069230769236,13,2017-11-03,2017-12-30,57,3,3,3,9,333
"Adam Shillingsburg",3255.3099999999995,130.21239999999997,25,2017-12-02,2017-12-30,28,4,4,3,11,443
"Daniel Lacy",3272.2000000000003,233.72857142857146,14,2017-11-03,2017-12-30,57,3,3,3,9,333
"Rob Williams",3273.6499999999996,218.2433333333333,15,2017-10-02,2017-12-30,89,2,3,3,8,233
"Dianna Vittorini",3285.9870000000005,234.71335714285718,14,2017-12-01,2017-12-30,29,4,3,3,10,433
"Brian Stugart",3288.11,298.9190909090909,11,2016-05-27,2017-12-30,582,1,2,3,6,123
"Brian Dahlen",3288.471,164.42355,20,2017-09-24,2017-12-30,97,2,4,3,9,243
"Rick Reed",3302.262,330.2262,10,2017-07-13,2017-12-30,170,2,2,3,7,223
"Sylvia Foulston",3306.871,206.6794375,16,2017-11-12,2017-12-30,48,3,4,3,10,343
"Randy Ferguson",3309.1500000000005,206.82187500000003,16,2016-12-05,2017-12-30,390,1,3,3,7,133
"Katharine Harms",3312.864,184.048,18,2017-11-20,2017-12-30,40,3,4,3,10,343
"Dennis Kane",3318.4859999999994,144.28199999999998,23,2017-12-11,2017-12-30,19,4,4,3,11,443
"Arthur Prichep",3323.556,107.21148387096774,31,2017-09-23,2017-12-30,98,2,4,3,9,243
"Dan Campbell",3336.1680000000006,185.3426666666667,18,2017-11-23,2017-12-30,37,3,4,3,10,343
"Doug Jacobs",3356.3979999999997,419.54974999999996,8,2017-12-18,2017-12-30,12,4,2,3,9,423
"Sam Craven",3362.9635999999996,197.82138823529408,17,2015-11-10,2017-12-30,781,1,4,3,8,143
"Trudy Schmidt",3368.093999999999,240.5781428571428,14,2017-05-06,2017-12-30,238,1,3,3,7,133
"Bill Stewart",3379.1299999999997,281.59416666666664,12,2017-12-02,2017-12-30,28,4,3,3,10,433
"Sandra Glassco",3406.581,309.68918181818185,11,2017-12-22,2017-12-30,8,4,3,3,10,433
"Frank Carlisle",3414.678,262.66753846153847,13,2017-10-21,2017-12-30,70,3,3,3,9,333
"Sarah Foster",3422.785999999999,228.18573333333327,15,2017-11-01,2017-12-30,59,3,3,3,9,333
"Ed Braxton",3448.2740000000003,313.4794545454546,11,2017-11-12,2017-12-30,48,3,2,3,8,323
"Pauline Webber",3454.916,265.76276923076927,13,2017-11-14,2017-12-30,46,3,3,3,9,333
"Emily Ducich",3484.92,248.92285714285714,14,2017-08-17,2017-12-30,135,2,3,3,8,233
"Anna Gayman",3489.0395999999996,232.60263999999998,15,2017-09-24,2017-12-30,97,2,3,3,8,233
"Robert Waldorf",3495.646,233.04306666666668,15,2017-10-12,2017-12-30,79,2,3,3,8,233
"Erica Smith",3510.4579999999996,438.80724999999995,8,2017-11-20,2017-12-30,40,3,2,3,8,323
"Dionis Lloyd",3539.322,294.94350000000003,12,2017-10-15,2017-12-30,76,2,3,3,8,233
"Jeremy Pistek",3572.9440000000004,238.1962666666667,15,2017-12-22,2017-12-30,8,4,3,3,10,433
"Thomas Boland",3579.024,357.9024,10,2017-11-02,2017-12-30,58,3,2,3,8,323
"Gary McGarr",3582.8199999999997,325.71090909090907,11,2017-10-08,2017-12-30,83,2,2,3,7,223
"Sam Zeldin",3592.433,189.07542105263158,19,2017-11-25,2017-12-30,35,3,4,3,10,343
"Ben Peterman",3610.2929999999997,212.3701764705882,17,2017-12-29,2017-12-30,1,4,4,3,11,443
"Rick Hansen",3621.3759999999997,452.67199999999997,8,2017-11-28,2017-12-30,32,3,2,3,8,323
"Christopher Schild",3651.8585000000007,260.84703571428577,14,2017-12-28,2017-12-30,2,4,3,3,10,433
"Liz Preis",3653.3990000000003,243.55993333333336,15,2017-12-21,2017-12-30,9,4,3,3,10,433
"Hunter Glantz",3690.284,335.4803636363636,11,2017-12-24,2017-12-30,6,4,3,3,10,433
"Scott Cohen",3729.7929999999997,207.21072222222222,18,2017-06-26,2017-12-30,187,1,4,3,8,143
"Frank Merwin",3736.1979999999994,186.80989999999997,20,2017-11-24,2017-12-30,36,3,4,3,10,343
"Rick Duston",3743.03,267.3592857142857,14,2017-10-19,2017-12-30,72,3,3,3,9,333
"Juliana Krohn",3747.6680000000006,416.40755555555563,9,2017-12-02,2017-12-30,28,4,2,3,9,423
"Jim Karlsson",3760.028,313.33566666666667,12,2017-10-30,2017-12-30,61,3,3,3,9,333
"Maribeth Dona",3766.382,221.5518823529412,17,2017-09-04,2017-12-30,117,2,4,4,10,244
"Sanjit Jacobs",3777.8799999999997,171.72181818181818,22,2017-09-26,2017-12-30,95,2,4,4,10,244
"Matthew Grinstein",3785.276,270.37685714285715,14,2017-12-01,2017-12-30,29,4,3,4,11,434
"Carol Adams",3789.7228,378.97228,10,2017-09-25,2017-12-30,96,2,2,4,8,224
"Michael Moore",3794.08,237.13,16,2017-12-23,2017-12-30,7,4,4,4,12,444
"Michael Chen",3805.714000000001,271.8367142857143,14,2017-12-29,2017-12-30,1,4,3,4,11,434
"Rose O'Brian",3815.478,317.9565,12,2017-11-25,2017-12-30,35,3,3,4,10,334
"Olvera Toch",3818.6240000000003,381.86240000000004,10,2017-10-26,2017-12-30,65,3,2,4,9,324
"Annie Thurman",3831.8640000000005,239.49150000000003,16,2017-12-17,2017-12-30,13,4,4,4,12,444
"Roland Schwarz",3831.93,294.76384615384615,13,2017-11-24,2017-12-30,36,3,3,4,10,334
"Ruben Ausman",3832.3139999999994,255.48759999999996,15,2017-11-17,2017-12-30,43,3,3,4,10,334
"Fred Chung",3865.845999999999,429.53844444444434,9,2017-06-29,2017-12-30,184,2,2,4,8,224
"John Stevenson",3868.02,429.78,9,2016-07-14,2017-12-30,534,1,2,4,7,124
"Pierre Wener",3878.3149999999996,352.5740909090909,11,2016-09-22,2017-12-30,464,1,2,4,7,124
"Nora Paige",3896.6420000000003,432.9602222222222,9,2017-11-02,2017-12-30,58,3,2,4,9,324
"Chris Cortes",3902.522,185.83438095238094,21,2017-12-10,2017-12-30,20,4,4,4,12,444
"Kelly Collister",3908.2619999999997,781.6524,5,2017-09-24,2017-12-30,97,2,1,4,7,214
"Dorothy Badders",3908.8028,279.2002,14,2017-09-14,2017-12-30,107,2,3,4,9,234
"Ken Heidel",3918.966,230.52741176470587,17,2017-11-02,2017-12-30,58,3,4,4,11,344
"George Ashbrook",3919.7760000000003,279.98400000000004,14,2017-08-03,2017-12-30,149,2,3,4,9,234
"Gary Hwang",3925.742,436.1935555555556,9,2017-11-10,2017-12-30,50,3,2,4,9,324
"Luke Foster",3930.509,245.6568125,16,2017-12-08,2017-12-30,22,4,4,4,12,444
"Dana Kaydos",3943.0399999999995,281.64571428571423,14,2017-11-15,2017-12-30,45,3,3,4,10,334
"Sean Christensen",3971.0639999999994,361.00581818181814,11,2017-12-01,2017-12-30,29,4,2,4,10,424
"Michael Paige",3983.6420000000003,199.18210000000002,20,2017-10-19,2017-12-30,72,3,4,4,11,344
"Craig Molinari",3984.4524,306.49633846153847,13,2015-03-01,2017-12-30,1035,1,3,4,8,134
"Susan Pistek",3990.6890000000003,285.0492142857143,14,2017-10-21,2017-12-30,70,3,3,4,10,334
"Sung Pak",4028.588,175.156,23,2017-10-12,2017-12-30,79,2,4,4,10,244
"Frank Preis",4046.7460000000005,289.0532857142858,14,2017-12-07,2017-12-30,23,4,3,4,11,434
"Denise Monton",4074.4720000000007,313.42092307692315,13,2017-12-08,2017-12-30,22,4,3,4,11,434
"Stewart Visinsky",4105.305,164.21220000000002,25,2017-02-13,2017-12-30,320,1,4,4,9,144
"Peter McVee",4115.662,587.9517142857143,7,2017-11-09,2017-12-30,51,3,1,4,8,314
"Claudia Bergmann",4123.5154999999995,229.08419444444442,18,2017-06-16,2017-12-30,197,1,4,4,9,144
"Dean Katz",4125.843999999999,229.2135555555555,18,2017-12-20,2017-12-30,10,4,4,4,12,444
"Muhammed Yedwab",4143.3,207.16500000000002,20,2017-10-20,2017-12-30,71,3,4,4,11,344
"Frank Hawley",4190.704,209.53519999999997,20,2017-11-23,2017-12-30,37,3,4,4,11,344
"Jill Fjeld",4198.332,262.39575,16,2017-11-06,2017-12-30,54,3,4,4,11,344
"Bill Eplett",4204.6759999999995,467.18622222222217,9,2017-09-02,2017-12-30,119,2,2,4,8,224
"Tracy Hopkins",4229.5560000000005,352.463,12,2017-10-19,2017-12-30,72,3,3,4,10,334
"Alan Schoenberger",4249,354.0833333333333,12,2017-12-08,2017-12-30,22,4,3,4,11,434
"Toby Carlisle",4261.852,284.1234666666667,15,2017-12-03,2017-12-30,27,4,3,4,11,434
"Dave Brooks",4265.294000000002,355.4411666666668,12,2017-12-14,2017-12-30,16,4,3,4,11,434
"Matt Abelman",4280.620999999999,129.71578787878786,33,2017-10-27,2017-12-30,64,3,4,4,11,344
"Natalie DeCherney",4281.389,251.8464117647059,17,2017-12-03,2017-12-30,27,4,4,4,12,444
"Jamie Kunitz",4285.59,357.1325,12,2017-10-30,2017-12-30,61,3,3,4,10,334
"Ellis Ballard",4344.508,620.644,7,2017-10-01,2017-12-30,90,2,1,4,7,214
"Steven Roelle",4345.8859999999995,362.1571666666666,12,2017-06-17,2017-12-30,196,1,3,4,8,134
"Gary Zandusky",4355.15,311.08214285714286,14,2017-12-23,2017-12-30,7,4,3,4,11,434
"Scot Coram",4371.9580000000005,397.4507272727273,11,2017-08-03,2017-12-30,149,2,2,4,8,224
"Arianne Irving",4375.785999999999,243.09922222222218,18,2017-12-17,2017-12-30,13,4,4,4,12,444
"Anthony Johnson",4391.491,219.57455,20,2017-07-17,2017-12-30,166,2,4,4,10,244
"Bradley Drucker",4408.2970000000005,489.81077777777784,9,2017-11-25,2017-12-30,35,3,2,4,9,324
"Katrina Willman",4416.52,441.65200000000004,10,2017-09-25,2017-12-30,96,2,2,4,8,224
"Mark Cousins",4432.138,443.2138,10,2016-11-26,2017-12-30,399,1,2,4,7,124
"Eugene Moren",4438.331999999999,246.57399999999996,18,2017-11-12,2017-12-30,48,3,4,4,11,344
"Theone Pippenger",4454.056,278.3785,16,2017-12-22,2017-12-30,8,4,4,4,12,444
"Anna Andreadi",4455.895,297.0596666666667,15,2017-11-05,2017-12-30,55,3,3,4,10,334
"Linda Cazamias",4481.162,344.7047692307693,13,2017-11-19,2017-12-30,41,3,3,4,10,334
"Kelly Lampkin",4483.784,213.5135238095238,21,2017-12-14,2017-12-30,16,4,4,4,12,444
"Stewart Carmichael",4492.656999999999,213.93604761904757,21,2017-11-19,2017-12-30,41,3,4,4,11,344
"Arthur Gainer",4510.7970000000005,214.79985714285718,21,2017-09-25,2017-12-30,96,2,4,4,10,244
"Anthony Rawles",4523.335999999999,347.94892307692305,13,2017-11-02,2017-12-30,58,3,3,4,10,334
"Rick Bensley",4556.566000000002,207.11663636363645,22,2017-12-21,2017-12-30,9,4,4,4,12,444
"Giulietta Baptist",4594.328,306.28853333333336,15,2017-12-17,2017-12-30,13,4,3,4,11,434
"Deborah Brumfield",4621.656999999999,385.13808333333327,12,2017-11-07,2017-12-30,53,3,3,4,10,334
"Sample Company A",4624.572000000001,308.30480000000006,15,2017-11-20,2017-12-30,40,3,3,4,10,334
"Kean Thornton",4642.088400000001,357.0837230769231,13,2017-09-21,2017-12-30,100,2,3,4,9,234
"Erin Smith",4648.516,244.65873684210524,19,2017-12-02,2017-12-30,28,4,4,4,12,444
"Sue Ann Reed",4708.525500000001,247.8171315789474,19,2017-10-28,2017-12-30,63,3,4,4,11,344
"Tracy Blumstein",4730.628,248.98042105263156,19,2017-09-14,2017-12-30,107,2,4,4,10,244
"Bart Watters",4750.357999999999,279.43282352941173,17,2017-08-31,2017-12-30,121,2,4,4,10,244
"Jim Kriz",4752.442000000001,432.0401818181819,11,2017-07-03,2017-12-30,180,2,2,4,8,224
"Joe Kamberova",4769.900000000001,251.04736842105265,19,2017-10-07,2017-12-30,84,2,4,4,10,244
"Russell Applegate",4781.367000000001,227.68414285714292,21,2017-12-18,2017-12-30,12,4,4,4,12,444
"Alan Hwang",4805.344,369.64184615384613,13,2017-12-24,2017-12-30,6,4,3,4,11,434
"Anthony Jacobs",4867.344,324.4896,15,2017-10-16,2017-12-30,75,3,3,4,10,334
"Heather Kirkland",4877.784,325.18559999999997,15,2017-08-01,2017-12-30,151,2,3,4,9,234
"Philisse Overcash",4893.043000000001,271.8357222222223,18,2017-07-23,2017-12-30,160,2,4,4,10,244
"Kunst Miller",4909.472000000001,175.33828571428575,28,2017-12-02,2017-12-30,28,4,4,4,12,444
"Ted Trevino",4915.602,351.11442857142856,14,2017-11-29,2017-12-30,31,3,3,4,10,334
"Irene Maddox",4930.473999999999,234.78447619047614,21,2016-12-05,2017-12-30,390,1,4,4,9,144
"Dave Hallsten",4932.871999999999,214.47269565217388,23,2017-03-28,2017-12-30,277,1,4,4,9,144
"Laurel Beltran",4985.676,207.7365,24,2017-07-31,2017-12-30,152,2,4,4,10,244
"Ivan Liston",5040.736,360.0525714285714,14,2017-08-10,2017-12-30,142,2,3,4,9,234
"Mike Pelletier",5087.92,267.78526315789475,19,2017-12-14,2017-12-30,16,4,4,4,12,444
"Resi P?lking",5142.139999999999,214.2558333333333,24,2017-11-27,2017-12-30,33,3,4,4,11,344
"Lena Radford",5142.891999999999,321.43074999999993,16,2017-12-04,2017-12-30,26,4,4,4,12,444
"Cathy Prescott",5164.101999999999,397.2386153846153,13,2017-10-09,2017-12-30,82,2,3,4,9,234
"Tamara Willingham",5164.626,469.51145454545457,11,2017-10-27,2017-12-30,64,3,2,4,9,324
"Steven Cartwright",5226.209999999998,201.00807692307686,26,2017-06-26,2017-12-30,187,1,4,4,9,144
"Harold Ryan",5248.786999999999,374.9133571428571,14,2017-07-24,2017-12-30,159,2,3,4,9,234
"Mitch Willingham",5253.876,1751.2920000000001,3,2017-11-16,2017-12-30,44,3,1,4,8,314
"Dianna Wilson",5256.848,525.6848,10,2017-05-27,2017-12-30,217,1,2,4,7,124
"Tom Prescott",5329.0048,532.90048,10,2017-09-17,2017-12-30,104,2,2,4,8,224
"Mitch Webber",5341.9,381.5642857142857,14,2017-12-13,2017-12-30,17,4,3,4,11,434
"Tonja Turnell",5364.808000000001,383.2005714285715,14,2017-12-18,2017-12-30,12,4,3,4,11,434
"Thomas Seio",5371.09,282.68894736842105,19,2017-06-15,2017-12-30,198,1,4,4,9,144
"Luke Weiss",5420.513999999999,361.3675999999999,15,2017-12-09,2017-12-30,21,4,3,4,11,434
"Stefania Perrino",5440.319,226.67995833333336,24,2017-11-13,2017-12-30,47,3,4,4,11,344
"Yoseph Carroll",5454.35,681.79375,8,2017-12-26,2017-12-30,4,4,2,4,10,424
"Emily Phan",5478.0608,176.71163870967743,31,2017-12-18,2017-12-30,12,4,4,4,12,444
"Dennis Pardue",5480.723999999999,391.4802857142857,14,2017-01-06,2017-12-30,358,1,3,4,8,134
"Mick Hernandez",5503.092999999999,250.14059090909086,22,2017-12-25,2017-12-30,5,4,4,4,12,444
"Amy Cox",5527.8460000000005,614.2051111111111,9,2017-12-19,2017-12-30,11,4,2,4,10,424
"Naresj Patel",5529.62,263.3152380952381,21,2017-12-05,2017-12-30,25,4,4,4,12,444
"Suzanne McNair",5563.392,252.88145454545455,22,2017-12-05,2017-12-30,25,4,4,4,12,444
"Alex Avila",5563.56,505.77818181818185,11,2017-06-29,2017-12-30,184,1,2,4,7,124
"Katherine Murray",5609.746,295.2497894736842,19,2017-11-04,2017-12-30,56,3,4,4,11,344
"Ross Baird",5633.315999999999,312.96199999999993,18,2017-11-28,2017-12-30,32,3,4,4,11,344
"Anne McFarland",5653.861999999999,269.23152380952376,21,2017-07-21,2017-12-30,162,2,4,4,10,244
"Bill Donatelli",5672.171,315.12061111111115,18,2017-11-27,2017-12-30,33,3,4,4,11,344
"Cindy Stewart",5690.054999999999,632.2283333333332,9,2017-11-02,2017-12-30,58,3,2,4,9,324
"Kristen Hastings",5867.859,419.1327857142857,14,2017-12-28,2017-12-30,2,4,3,4,11,434
"Christine Phan",5888.275000000001,392.5516666666667,15,2017-07-23,2017-12-30,160,2,3,4,9,234
"Shahid Collister",5894.183999999999,310.2202105263157,19,2017-11-30,2017-12-30,30,4,4,4,12,444
"Ben Ferrer",5907.972,218.81377777777777,27,2017-12-14,2017-12-30,16,4,4,4,12,444
"Shirley Daniels",5920.258,328.9032222222222,18,2017-06-13,2017-12-30,200,1,4,4,9,144
"Keith Herrera",5952.859000000002,258.81995652173924,23,2017-12-08,2017-12-30,22,4,4,4,12,444
"Robert Marley",5967.736,596.7736,10,2017-12-24,2017-12-30,6,4,2,4,10,424
"William Brown",6024.81,177.20029411764708,34,2017-12-10,2017-12-30,20,4,4,4,12,444
"Cassandra Brandow",6028.226999999999,251.17612499999996,24,2017-11-13,2017-12-30,47,3,4,4,11,344
"Greg Maxwell",6049.966000000002,549.9969090909093,11,2017-09-04,2017-12-30,117,2,2,4,8,224
"Alan Dominguez",6100.999999999999,554.6363636363635,11,2017-12-01,2017-12-30,29,4,2,4,10,424
"Quincy Jones",6108.338,469.8721538461538,13,2017-12-05,2017-12-30,25,4,3,4,11,434
"Victoria Wilson",6112.702,359.57070588235297,17,2017-12-02,2017-12-30,28,4,4,4,12,444
"Rob Lucas",6234.909999999999,259.7879166666666,24,2017-08-31,2017-12-30,121,2,4,4,10,244
"Dan Reichenbach",6247.205999999999,283.96390909090906,22,2017-12-27,2017-12-30,3,4,4,4,12,444
"Darrin Martin",6247.372,347.0762222222222,18,2017-10-23,2017-12-30,68,3,4,4,11,344
"Brosina Hoffman",6255.351000000001,260.639625,24,2017-12-07,2017-12-30,23,4,4,4,12,444
"Max Jones",6282.226,448.73042857142855,14,2017-12-08,2017-12-30,22,4,3,4,11,434
"Valerie Dominguez",6283.354,418.89026666666666,15,2016-05-28,2017-12-30,581,1,3,4,8,134
"Corinna Mitchell",6339.5576,633.95576,10,2017-12-03,2017-12-30,27,4,2,4,10,424
"James Galang",6366.391999999999,353.6884444444444,18,2017-12-29,2017-12-30,1,4,4,4,12,444
"Joel Eaton",6400.454999999999,304.7835714285714,21,2017-11-09,2017-12-30,51,3,4,4,11,344
"Sarah Brown",6410.995999999999,534.2496666666666,12,2017-06-25,2017-12-30,188,1,3,4,8,134
"Jonathan Doherty",6456.456,215.2152,30,2016-12-01,2017-12-30,394,1,4,4,9,144
"Nathan Mautz",6459.343999999999,461.3817142857142,14,2017-07-23,2017-12-30,160,2,3,4,9,234
"Joseph Airdo",6475.474000000001,281.542347826087,23,2017-09-29,2017-12-30,92,2,4,4,10,244
"Grace Kelly",6497.27,464.09071428571434,14,2017-09-09,2017-12-30,112,2,3,4,9,234
"Andy Reiter",6608.448,734.272,9,2017-12-24,2017-12-30,6,4,2,4,10,424
"Yana Sorensen",6654.503999999999,604.954909090909,11,2017-12-21,2017-12-30,9,4,3,4,11,434
"Fred Hopkins",6683.659999999999,668.3659999999999,10,2017-12-25,2017-12-30,5,4,2,4,10,424
"Brenda Bowman",6765.727999999999,338.28639999999996,20,2017-12-02,2017-12-30,28,4,4,4,12,444
"Penelope Sewall",6843.633999999999,526.4333846153845,13,2017-05-08,2017-12-30,236,1,3,4,8,134
"Maribeth Schnelling",6848.31,297.7526086956522,23,2017-04-01,2017-12-30,273,1,4,4,9,144
"Rick Huthwaite",6962.14,632.9218181818183,11,2016-09-19,2017-12-30,467,1,2,4,7,124
"Paul Prost",7075.920000000002,221.12250000000006,32,2017-09-24,2017-12-30,97,2,4,4,10,244
"Dean percer",7198.760999999999,248.23313793103443,29,2017-10-07,2017-12-30,84,2,4,4,10,244
"Natalie Webber",7234.013999999999,328.81881818181813,22,2017-07-11,2017-12-30,172,2,4,4,10,244
"Brian Moss",7283.817,260.1363214285714,28,2017-11-27,2017-12-30,33,3,4,4,11,344
"Patrick O'Brill",7367.3342,387.7544315789474,19,2017-10-24,2017-12-30,67,3,4,4,11,344
"Lena Creighton",7396.7739999999985,336.2169999999999,22,2017-12-14,2017-12-30,16,4,4,4,12,444
"Rick Wilson",7397.401000000001,321.6261304347826,23,2017-09-01,2017-12-30,120,2,4,4,10,244
"John Murray",7625.076000000002,586.5443076923078,13,2017-09-12,2017-12-30,109,2,3,4,9,234
"Jane Waco",7721.714,551.551,14,2017-11-18,2017-12-30,42,3,3,4,10,334
"Adam Bellavance",7732.669999999999,483.29187499999995,16,2017-11-06,2017-12-30,54,3,4,4,11,344
"Jim Epp",7754.976,387.74879999999996,20,2017-11-12,2017-12-30,48,3,4,4,11,344
"Anna H?berlin",7888.294000000001,342.9693043478261,23,2016-11-15,2017-12-30,410,1,4,4,9,144
"Nora Preis",7903.182500000001,607.9371153846155,13,2017-08-14,2017-12-30,138,2,3,4,9,234
"Joseph Holt",7954.998,568.2141428571429,14,2017-12-01,2017-12-30,29,4,3,4,11,434
"Zuschuss Carroll",8021.135000000001,267.3711666666667,30,2017-11-06,2017-12-30,54,3,4,4,11,344
"Sean Braxton",8057.890999999999,473.99358823529406,17,2017-11-13,2017-12-30,47,3,4,4,11,344
"Harry Marie",8148.844800000002,428.88656842105274,19,2017-12-28,2017-12-30,2,4,4,4,12,444
"Pete Kriz",8158.654,354.7240869565218,23,2017-12-21,2017-12-30,9,4,4,4,12,444
"Keith Dawkins",8181.256,292.1877142857143,28,2017-09-09,2017-12-30,112,2,4,4,10,244
"Nick Crebassa",8241.739,549.4492666666666,15,2017-12-24,2017-12-30,6,4,3,4,11,434
"Karen Daniels",8282.358,517.647375,16,2016-09-02,2017-12-30,484,1,3,4,8,134
"Natalie Fritzler",8322.826000000001,594.4875714285715,14,2017-10-12,2017-12-30,79,2,3,4,9,234
"Daniel Raglin",8350.868,642.3744615384616,13,2017-11-10,2017-12-30,50,3,3,4,10,334
"Laura Armstrong",8631.521999999999,345.26088,25,2017-07-29,2017-12-30,154,2,4,4,10,244
"Joe Elijah",8672.163,412.9601428571429,21,2017-11-14,2017-12-30,46,3,4,4,11,344
"Justin Deggeller",8828.030499999999,519.2959117647058,17,2017-11-19,2017-12-30,41,3,4,4,11,344
"Christopher Martinez",8954.02,895.402,10,2017-11-23,2017-12-30,37,3,2,4,9,324
"Peter Fuller",8980.496,498.9164444444444,18,2015-09-17,2017-12-30,835,1,4,4,9,144
"Tom Boeckenhauer",9012.741999999998,600.8494666666666,15,2017-06-11,2017-12-30,202,1,3,4,8,134
"Helen Wasserman",9300.253999999997,465.0126999999999,20,2017-09-04,2017-12-30,117,2,4,4,10,244
"Grant Thornton",9351.211999999998,1558.535333333333,6,2017-11-04,2017-12-30,56,3,1,4,8,314
"John Lee",9403.003,284.9394848484849,33,2017-12-09,2017-12-30,21,4,4,4,12,444
"Edward Hooks",10005.980000000001,322.7735483870968,31,2017-08-17,2017-12-30,135,2,4,4,10,244
"Bill Shonely",10501.652999999998,1166.850333333333,9,2016-06-20,2017-12-30,558,1,2,4,7,124
"Karen Ferguson",10604.266,589.1258888888889,18,2017-09-24,2017-12-30,97,2,4,4,10,244
"Maria Etezadi",10635.917999999998,506.4722857142856,21,2017-11-18,2017-12-30,42,3,4,4,11,344
"Clay Ludtke",10880.545999999998,388.5909285714285,28,2017-03-21,2017-12-30,284,1,4,4,9,144
"Caroline Jumper",11079.742,583.1443157894737,19,2017-06-24,2017-12-30,189,1,4,4,9,144
"Seth Vernon",11420.645999999997,380.6881999999999,30,2017-09-20,2017-12-30,101,2,4,4,10,244
"Becky Martin",11609.900000000001,829.2785714285716,14,2017-02-26,2017-12-30,307,1,3,4,8,134
"Greg Tran",11820.119999999997,407.59034482758614,29,2017-11-24,2017-12-30,36,3,4,4,11,344
"Todd Sumrall",11885.871,848.9907857142856,14,2017-11-24,2017-12-30,36,3,3,4,10,334
"Christopher Conant",12129.072,1102.6429090909091,11,2017-11-17,2017-12-30,43,3,2,4,9,324
"Sanjit Engle",12209.438000000002,642.6020000000001,19,2017-12-21,2017-12-30,9,4,4,4,12,444
"Hunter Lopez",12873.297999999999,1170.2998181818182,11,2017-11-17,2017-12-30,43,3,2,4,9,324
"Ken Lonsdale",14071.917,521.1821111111111,27,2017-11-13,2017-12-30,47,3,4,4,11,344
"Sanjit Chand",14142.333999999999,642.8333636363636,22,2017-01-15,2017-12-30,349,1,4,4,9,144
"Adrian Barton",14355.610999999997,755.5584736842104,19,2017-11-19,2017-12-30,41,3,4,4,11,344
"Tom Ashbrook",14595.62,1459.5620000000001,10,2017-10-22,2017-12-30,69,3,2,4,9,324
"Raymond Buch",15117.339,839.8521666666667,18,2017-09-25,2017-12-30,96,2,4,4,10,244
"Tamara Chand",19017.847999999998,1728.8952727272726,11,2016-11-26,2017-12-30,399,1,2,4,7,124
"Sean Miller",25043.05,1669.5366666666666,15,2017-10-12,2017-12-30,79,2,3,4,9,234
